prompt_id,identity_status,prompt_text
D-C1,diffusion,"I haven't really thought much about what I want to do after high school. I figure I'll worry about it later."
D-C2,diffusion,"A lot of people around me seem to have plans for the future, but I don't really have any right now."
D-C3,diffusion,"When teachers ask about future careers, I never know what to say because I haven't looked into it much."
D-C4,diffusion,"I know I should probably think more about my future, but I usually just focus on what's happening right now."
D-C5,diffusion,"I haven't spent much time exploring different jobs or college options. It just hasn't felt very important yet."
D-V1,diffusion,"When people talk about their beliefs and values, I realize I haven't really thought about what mine are."
D-V2,diffusion,"I don't have strong opinions or values about most things. I usually just go with whatever seems easiest."
D-V3,diffusion,"I've never spent much time trying to figure out what matters most to me."
D-V4,diffusion,"Sometimes people ask what I stand for, and honestly I don't really know."
D-V5,diffusion,"I haven't really questioned or explored my beliefs much. It's just not something I think about often."
D-F1,diffusion,"My parents sometimes ask what I want for my future, but I usually don't have much of an answer."
D-F2,diffusion,"I know my family has expectations for me, but I haven't thought much about whether they fit what I want."
D-F3,diffusion,"When people ask if I agree with my family's views, I've never really considered it."
D-F4,diffusion,"I don't spend much time thinking about how my family's expectations affect my choices."
D-F5,diffusion,"I've never really sat down and thought about what I want versus what my family wants."
D-R1,diffusion,"I haven't thought much about what I want in close friendships. I just spend time with whoever I'm around."
D-R2,diffusion,"When it comes to relationships, I mostly just go with whatever happens."
D-R3,diffusion,"I've never really thought about what qualities are important to me in friends."
D-R4,diffusion,"I don't spend much time thinking about how relationships fit into my future."
D-R5,diffusion,"I usually just let other people decide what we're doing rather than thinking about what I want."
D-S1,diffusion,"If someone asked me to describe who I am, I'd have a hard time answering."
D-S2,diffusion,"I don't think I've spent much time trying to figure out what makes me unique."
D-S3,diffusion,"I mostly just take things day by day without thinking too much about who I want to become."
D-S4,diffusion,"I hear people talk about finding themselves, but I've never really focused on that."
D-S5,diffusion,"I'm not sure how I'd describe myself because I haven't thought about it very much."
F-C1,foreclosure,"I've always planned to become a doctor because that's what people in my family do."
F-C2,foreclosure,"My future career has basically been decided for years, so I've never really looked at other options."
F-C3,foreclosure,"I already know what path I'm going to follow because it's the path my parents expect."
F-C4,foreclosure,"I don't see much reason to explore different careers since I've known what I'm going to do for a long time."
F-C5,foreclosure,"People tell me to keep my options open, but I'm already set on the future my family has planned."
F-V1,foreclosure,"I believe the same things my family believes, and I've never really questioned them."
F-V2,foreclosure,"My parents taught me what's right and wrong, so I don't see much reason to reconsider it."
F-V3,foreclosure,"I've always accepted the beliefs I was raised with because they've worked for my family."
F-V4,foreclosure,"I don't spend much time exploring different viewpoints because I'm already comfortable with mine."
F-V5,foreclosure,"My values are pretty much the same as my family's, and I've never felt the need to examine them."
F-F1,foreclosure,"My family has always had clear expectations for me, and I've never really considered doing something different."
F-F2,foreclosure,"I trust my parents' vision for my future, so I usually follow the path they've laid out."
F-F3,foreclosure,"Most major decisions about my future feel straightforward because my family already knows what's best."
F-F4,foreclosure,"I've never really questioned the goals my family has for me."
F-F5,foreclosure,"When my family gives me advice about my future, I usually accept it without much debate."
F-R1,foreclosure,"My parents have strong opinions about the kinds of friends I should have, and I've always followed their guidance."
F-R2,foreclosure,"I already know what a good relationship should look like because my family has taught me."
F-R3,foreclosure,"I don't really question my family's views about relationships."
F-R4,foreclosure,"My ideas about friendship and dating mostly come from how I was raised."
F-R5,foreclosure,"I've never felt much need to form my own opinions about relationships because my family already gave me a clear example."
F-S1,foreclosure,"I've always known who I am because my family has been clear about the kind of person I should be."
F-S2,foreclosure,"When I think about myself, I mostly see the values and expectations I was raised with."
F-S3,foreclosure,"I don't spend much time questioning who I am because I've had a clear identity for as long as I can remember."
F-S4,foreclosure,"I feel confident about who I am because I know what my family expects of me, even if I haven't explored other possibilities."
F-S5,foreclosure,"The way I see myself is closely tied to the expectations and traditions I grew up with."
M-C1,moratorium,"I'm interested in several different careers, but the more I learn about them, the harder it is to decide which one fits me best."
M-C2,moratorium,"I've been spending a lot of time thinking about my future, but I still feel uncertain about what direction I want to take."
M-C3,moratorium,"Every time I think I've found the right career path, I discover something else that makes me question my decision."
M-C4,moratorium,"I'm trying to explore different possibilities for my future before committing to any one path."
M-C5,moratorium,"I feel pressure to make decisions about my future, but I don't think I've figured myself out enough yet."
M-V1,moratorium,"Lately I've been questioning some beliefs I used to take for granted, but I'm not sure what I think anymore."
M-V2,moratorium,"The more perspectives I hear, the harder it becomes to decide what I truly believe."
M-V3,moratorium,"I've been spending a lot of time reflecting on my values, but I still feel like I'm figuring them out."
M-V4,moratorium,"Sometimes I feel caught between different viewpoints and don't know which one aligns with who I am."
M-V5,moratorium,"I want my beliefs to genuinely be my own, but I'm still trying to determine what that means."
M-F1,moratorium,"My family has expectations for my future, but I'm trying to figure out whether those expectations fit who I want to become."
M-F2,moratorium,"I respect my family's opinions, but lately I've been questioning whether their path is the right one for me."
M-F3,moratorium,"Sometimes I feel torn between what my family wants and what I might want for myself."
M-F4,moratorium,"I'm trying to understand how much of my future should be influenced by my family's expectations."
M-F5,moratorium,"I don't want to disappoint my family, but I also want to make choices that feel authentic to me."
M-R1,moratorium,"I've been thinking a lot about what I want from friendships, but I'm still figuring it out."
M-R2,moratorium,"My friends influence me in different ways, and sometimes I struggle to separate who I am from who they expect me to be."
M-R3,moratorium,"I've been questioning what qualities matter most to me in close relationships."
M-R4,moratorium,"I want relationships that reflect who I am, but I'm still learning what that means."
M-R5,moratorium,"Sometimes I wonder whether the people around me are shaping my identity more than I realize."
M-S1,moratorium,"I've been asking myself who I really am, but I don't think I've found an answer yet."
M-S2,moratorium,"It feels like I'm in the middle of figuring out what kind of person I want to become."
M-S3,moratorium,"The more I learn about myself, the more questions I seem to have."
M-S4,moratorium,"I'm exploring different possibilities for my future, but I haven't found one that feels completely right."
M-S5,moratorium,"Sometimes it's frustrating not having clear answers about who I am, but I feel like the search is important."
A-C1,achievement,"After exploring different options, I've become confident in the direction I want to pursue for my future."
A-C2,achievement,"I've spent a lot of time thinking about my goals, and I feel good about the path I've chosen."
A-C3,achievement,"I know my plans could change someday, but right now they feel consistent with who I am."
A-C4,achievement,"Looking at different possibilities helped me understand what kind of future I truly want."
A-C5,achievement,"I feel committed to my goals because I've taken time to consider what matters most to me."
A-V1,achievement,"Some of my beliefs are different from the ones I grew up with, but they feel right because I've thought carefully about them."
A-V2,achievement,"I've spent time exploring different perspectives and now feel confident in the values I hold."
A-V3,achievement,"My beliefs continue to grow, but I feel grounded in the principles that guide my decisions."
A-V4,achievement,"Understanding different viewpoints helped me develop a clearer sense of what I stand for."
A-V5,achievement,"I feel comfortable explaining my values because I've spent time reflecting on them."
A-F1,achievement,"I respect my family's expectations, but I've also made choices that reflect my own goals and values."
A-F2,achievement,"Thinking about my family's influence helped me better understand what I genuinely want for myself."
A-F3,achievement,"I appreciate my family's guidance, but I feel confident making decisions that align with my own identity."
A-F4,achievement,"Some of my choices differ from what my family expected, and I'm comfortable with that."
A-F5,achievement,"I've found a balance between honoring my family's values and following my own path."
A-R1,achievement,"I have a clearer understanding of the qualities I value in close friendships."
A-R2,achievement,"The people I choose to spend time with reflect the kind of person I want to be."
A-R3,achievement,"My relationships feel stronger now that I better understand myself."
A-R4,achievement,"I've learned what matters most to me in friendships and relationships through experience and reflection."
A-R5,achievement,"I feel comfortable setting boundaries because I have a stronger sense of who I am."
A-S1,achievement,"I feel like I have a clear sense of who I am and what is important to me."
A-S2,achievement,"There was a time when I questioned a lot about myself, but that process helped me gain clarity."
A-S3,achievement,"I know there is still more to learn about myself, but I feel confident in the person I'm becoming."
A-S4,achievement,"Exploring different possibilities helped me discover a direction that feels authentic."
A-S5,achievement,"I feel grounded in my values, goals, and sense of purpose."